{
"spider": "./jar/fan.txt",
"wallpaper": "https://深色壁纸.xxooo.cf/",
"sites":[
{"key":"豆豆",
"name":"🐲青龙推荐",
"type":3,
"api":"csp_DouDou",
"searchable":0,
"quickSearch":0,
"filterable":0},
{"key": "Wexconfig",
"name": "🐮网盘配置",
"jar":"./jar/wex.txt",
"type": 3,
"api": "csp_Wexconfig",
"searchable": 0,
"changeable": 0,
"indexs": 0},
{"key": "玩偶",
"name": "🧸玩偶哥哥",
"type": 3,
"api": "csp_WoGG",
"searchable": 1,
"quickSearch": 1,
"changeable": 0,
"ext": {
"Cloud-drive": "tvfan/Cloud-drive.txt",
"from": "4k|auto",
"siteUrl": "https://www.wogg.net/",
"danMu": "弹"}},
{"key": "Wexmuougg",
"name": "🐲木偶4K",
"jar":"./jar/wex.txt",
"type": 3,
"api": "csp_Wexmuougg",
"searchable": 1,
"changeable": 1},
{"key": "115",
"name": "🐲1154K‍",
"jar":"./jar/wex.txt",
"type": 3,
"api": "csp_Wex115share",
"searchable": 1,
"changeable": 1,
"timeout": 50,
"style": {
"type": "list"}},
{"key": "土豆",
"name": "🐲土豆4K‍",
"jar":"./jar/wex.txt",
"type": 3,
"api": "csp_Wextudou",
"searchable": 1,
"changeable": 1},
{"key": "Wexnullname",
"name": "🐲天翼4K",
"jar":"./jar/wex.txt",
"type": 3,
"api": "csp_Wexnullname",
"searchable": 1,
"changeable": 1},
{"key": "Wexxingyun",
"name": "🐲蜡笔4K",
"jar":"./jar/wex.txt",
"type": 3,
"api": "csp_Wexxingyun",
"searchable": 1,
"changeable": 1},
{"key":"贱贱",
"name":"🧲荐片P2P",
"jar":"./jar/cc.jar",
"type":3,
"searchable":1,
"quickSearch":1,
"changeable":1,
"playerType":"1",
"api":"https://gitlab.com/fantaiying/ext/-/raw/main/drpy2.min.js",
"ext":"https://gitlab.com/fantaiying/ext/-/raw/main/jp.js"},
{"key": "新6V",
"name": "磁力🧲慎用4K",
"jar": "./jar/pg0328.jar",
"type": 3,
"api": "csp_Xb6v",
"searchable": 1,
"changeable": 1,
"timeout": 60,
"ext": "http://127.0.0.1:9978/file/6758/jar/tokenm.json$$$https://www.66ss.org$$$null$$$1"},
{"key": "文采",
"name": "💮文采秒播",
"type": 3,
"api": "csp_Jpys",
"playerType": 2,
"searchable": 1,
"quickSearch": 1,
"changeable": 1},
{"key":"yyds",
"name":"🏵多多影视",
"jar": "./jar/pg.jar",
"type":3,
"api":"csp_Wobg",
"quickSearch":1, 
"changeable":1, 
"filterable":1, 
"timeout":60, 
"ext":"./lib/tokenm.json$$$https://tv.yydsys.top/$$$noproxy$$$1$$$./lib/wogg.json"}, 
{"key":"360_spider",
"name":"🔰360影视",
"jar":"./jar/Hk.jar",
"api":"csp_SP360",
"type":3,
"filterable":1,
"quickSearch":1,
"searchable":1,
"playUrl":"https://jx.m3u8.tv/jiexi/?url="},
{"key":"可可影视",
"name":"💞可可影视",
"jar":"./jar/C1.jar",
"type":3,
"api":"csp_XBPQ",
"searchable":1,
"quickSearch":1,
"filterable":1,
"ext":"https://pastebin.com/raw/s6BPpuJt"},
{"key":"南瓜",
"name":"🎃南瓜影视",
"jar":"./jar/fm.jar",
"type":3,
"api":"csp_NanGua",
"playerType":2,
"searchable":1,
"quickSearch":1,
"changeable":1},
{"key":"火狐",
"name":"🦊茶杯狐",
"jar":"./jar/fm.jar",
"type":1,
"api":"https://hhzyapi.com/api.php/provide/vod/",
"searchable":1,
"quickSearch":1,
"filterable":1,
"categories":[
"动作片",
"科幻片",
"战争片",
"喜剧片",
"爱情片",
"恐怖片",
"犯罪片",
"剧情片",
"冒险片",
"记录片",
"内地剧",
"短剧",
"韩剧",
"香港剧",
"台湾剧",
"欧美剧",
"体育赛事",
"综艺",
"动画片",
"中国动漫"]},
{"key":"短剧",
"name":"☀原创短剧",
"jar":"./jar/cc.jar",
"type":3,
"api":"csp_Djtt",
"searchable":1,
"quickSearch":1,
"changeable":1},
{"key":"原创",
"name":"☀原创影视",
"jar":"./jar/fm.jar",
"type":3,
"api":"csp_YCyz",
"timeout":15,
"searchable":1,
"quickSearch":1,
"changeable":1},
{"key":"比特",
"name":"🍄比特秒播",
"jar":"./jar/fm.jar",
"type":3,
"api":"csp_Bttwoo",
"searchable":1,
"quickSearch":1,
"changeable":1},
{"key": "csp_LiteApple",
"name": "🍎苹果1080P",
"jar":"./jar/fm.jar",
"type": 3,
"searchable": 1,
"changeable": 1,
"api": "csp_LiteApple",
"playerType": 1,
"filterable": 1,
"ext": ""},
{"key": "csp_paopao",
"name": "🥬菠菜1080P",
"jar":"./jar/08015.jar",
"type": 3,
"changeable": 0,
"api": "csp_Pptv",
"playerType": 2,
"filterable": 1,
"ext": "https://yigeg.pro"},
{"key":"索尼采集",
"name":"🥤索尼影视",
"jar":"./jar/fm.jar",
"type":1,
"api":"https://suoniapi.com/api.php/provide/vod/?ac=list",
"playUrl":"",
"searchable":1,
"quickSearch":1,
"filterable":1,
"categories":["科幻片",
"动作片",
"恐怖片",
"纪录片",
"爱情片",
"战争片",
"剧情片",
"喜剧片",
"大陆剧",
"港澳剧",
"台湾剧",
"欧美剧",
"动漫电影",
"韩剧",
"日剧",
"泰剧"]},
{"key":"暴风采集",
"name":"🌪️暴风影视",
"jar":"./jar/fm.jar",
"type":1,
"api":"https://app.bfzyapi.com/api.php/provide/vod/",
"playUrl":"",
"categories":[
"科幻片",
"战争片",
"动作片",
"剧情片",
"喜剧片",
"爱情片",
"恐怖片",
"国产剧",
"香港剧",
"台湾剧",
"日本剧",
"欧美剧",
"泰国剧",
"国产动漫",
"日本动漫",
"纪录片"]},
{"key": "csp_Kuaikan",
"name": "💡快看影视",
"jar":"./jar/custom_spider.jar",
"type": 3,
"api": "csp_Kuaikan",
"searchable": 1,
"quickSearch": 1,
"filterable": 1},
{"key": "厂长",
"name": "📔厂长┃无广",
"jar":"./jar/1004.jar",
"type": 3,
"api": "csp_NewCz",
"timeout": 15,
"playerType": 2,
"searchable": 1,
"quickSearch": 1,
"changeable": 1,
"ext": "https://czzy.top/"},
{"key":"DiDuan",
"name":"✡️低端影视",
"type":3,
"api":"csp_Ddrk",
"playerType":"2",
"searchable":1,
"quickSearch":1,
"changeable":1},
{"key":"萌米",
"name":"🤡萌米影视",
"type":3,
"api":"csp_AppMao",
"searchable":1,
"quickSearch":1,
"changeable":0,
"ext":"FbjDcUxPqpfNr0QF4QvEpcoxMMdAA5wQTClJt+Hxgw4VXJLfrTSRjQjA6r70U2ONX3iG4lQWk1cgXQMSUZpbUzIYJ6iQs3+gcUVDp1lz6rcrGqDtCW4hfAf9JSR025m0+TGWMsZkVg=="},
{"key":"drpy_js_腾云驾雾",
"name":"🇨🇳腾讯🐧视频",
"jar":"./jar/ok.jar",
"type":3,
"api":"https://d.kstore.space/download/7972/muzi/js/drpy2.min.js",
"ext":"https://d.kstore.space/download/7972/muzi/js/腾云驾雾.js"},
{"key":"drpy_js_奇珍异兽",
"name":"🇨🇳爱奇🥝艺视频",
"jar":"./jar/ok.jar",
"type":3,
"api":"https://d.kstore.space/download/7972/muzi/js/drpy.min.js",
"ext":"https://d.kstore.space/download/7972/muzi/js/奇珍异兽.js"},
{"key":"drpy_js_百忙无果",
"name":"🇨🇳芒果🥭视频",
"jar":"./jar/ok.jar",
"type":3,
"api":"https://d.kstore.space/download/7972/muzi/js/drpy.min.js",
"ext":"https://d.kstore.space/download/7972/muzi/js/百忙无果.js"},
{"key":"新6V",
"name":"🧲新6V影视",
"type":3,
"api":"csp_SixV",
"searchable":1,
"quickSearch":1,
"changeable":0,
"ext":"http://www.xb6v.com/"},
{"key":"push_agent",
"name":"📱手机推送",
"type":3,
"api":"csp_Push",
"searchable":0,
"quickSearch":0,
"ext":"https://www.czzy66.com"},
{"key":"Aid",
"name":"🚑急救教学",
"type":3,
"api":"csp_FirstAid",
"searchable":0,
"quickSearch":0,
"changeable":0,
"style":{"type":"rect",
"ratio":3.8}},
{"key":"纸条",
"name":"❇️纸条搜索",
"type":3,
"api":"csp_XiaoZhiTiao",
"searchable":1,
"filterable":1,
"changeable":0,
"ext":{"token":"file://TV/ali_token.txt"},
"timeout":15},
{"key":"盘Se",
"name":"❇️盘Se搜索",
"type":3,
"api":"csp_PanSearch",
"searchable":1,
"filterable":0,
"changeable":0,
"ext":{"token":"file://TV/ali_token.txt"},
"timeout":15},
{"key":"找資源",
"name":"❇️找资源搜索",
"type":3,
"api":"csp_Zhaozy",
"searchable":1,
"filterable":0,
"changeable":0,
"ext":{"token":"file://TV/ali_token.txt"},
"timeout":15},
{"key":"七夜",
"name":"❇️七夜搜索",
"type":3,
"api":"csp_Dovx",
"searchable":1,
"filterable":0,
"changeable":0,
"ext":{"token":"file://TV/ali_token.txt"},
"timeout":15},
{"key":"盘搜",
"name":"❇️盘搜搜索",
"type":3,
"api":"csp_PanSou",
"searchable":1,
"filterable":0,
"changeable":0,
"ext":{"token":"file://TV/ali_token.txt"},
"timeout":15},
{"key":"易搜",
"name":"❇️易搜搜索",
"type":3,
"api":"csp_YiSo",
"searchable":1,
"filterable":0,
"changeable":0,
"ext":{"token":"file://TV/ali_token.txt",
"cookie":"JSESSIONID=FEAFA3BD405267C378C2455FBAD4A704;satoken=0f065aaa-1b6b-4b9b-9910-83a67fb14da2"},
"timeout":15},
{"key":"Up云搜",
"name":"❇️Up搜搜索",
"type":3,
"api":"csp_Upys",
"searchable":1,
"filterable":0,
"changeable":0,
"ext":{"token":"file://TV/ali_token.txt"},
"timeout":15},
{"key":"csp_QuPanSou",
"name":"❇️趣盘搜搜索",
"type":3,
"api":"csp_QuPanSou",
"searchable":1,
"filterable":1,
"changeable":0,
"ext":{"cookie":"file://TV/quark_cookie.txt"},
"timeout":15},
{"key":"csp_Qkpanso",
"name":"❇️夸克盘搜┃搜索",
"type":3,
"api":"csp_Qkpanso",
"searchable":1,
"filterable":1,
"changeable":0,
"ext":{"cookie":"file://TV/quark_cookie.txt"},
"timeout":15},
{"key":"csp_AiPanSou",
"name":"❇️爱盘搜搜索",
"type":3,
"api":"csp_AiPanSou",
"searchable":1,
"filterable":1,
"changeable":0,
"ext":{"cookie":"file://TV/quark_cookie.txt"},
"timeout":15},
{"key":"云盘4K",
"name":"❇️云盘4K搜索",
"type":3,
"api":"csp_Yunpan4k",
"searchable":1,
"filterable":0,
"changeable":0,
"ext":{"token":"file://TV/ali_token.txt",
"cookie":"file://TV/quark_cookie.txt"},
"timeout":15},
{"key":"影搜",
"name":"❇️影搜搜索",
"type":3,
"api":"csp_Yingso",
"searchable":1,
"filterable":0,
"changeable":0,
"ext":{"token":"file://TV/ali_token.txt",
"cookie":"file://TV/quark_cookie.txt"},
"timeout":15}],
"parses":[{"name":"YuMi-vip",
"type":0,
"url":"https://jx.xmflv.com/?url=",
"ext":{"flag":["爱奇艺",
"奇艺",
"qq",
"腾讯",
"youku",
"优酷",
"pptv",
"PPTV",
"letv",
"乐视",
"leshi",
"bilibili",
"哔哩哔哩",
"哔哩",
"mgtv",
"芒果",
"芒果"],
"header":{"User-Agent":"Mozilla/5.0 (Linux; Android 6.0; Nexus 5 Build/MRA58N) AppleWebKit/537.36 (KHTML,
 like Gecko) Chrome/118.0.0.0 Mobile Safari/537.36"}}},
{"name":"xmflv",
"type":0,
"url":"https://jx.xmflv.com/?url=",
"ext":{"flag":["qq",
"腾讯",
"qiyi",
"爱奇艺",
"奇艺",
"youku",
"优酷",
"mgtv",
"芒果",
"letv",
"乐视",
"pptv",
"PPTV",
"sohu",
"bilibili",
"哔哩哔哩",
"哔哩"]}},
{"name":"聚合",
"type":3,
"url":"Demo"},
{"name":"神秘的哥哥们",
"type":1,
"url":"http://api.888484.xyz/神秘哥哥/super.php?v=",
"ext":{"flag":["qq",
"腾讯",
"qiyi",
"爱奇艺",
"奇艺",
"youku",
"优酷",
"tucheng",
"sohu",
"搜狐",
"letv",
"乐视",
"mgtv",
"芒果",
"tnmb",
"seven",
"yzm",
"aliyun",
"RJuMao",
"bi123ili",
"1905",
"xinvip",
"XAL",
"qiqi",
"XALS",
"YuMi-vip"]}},
{"name":"免费分享",
"type":0,
"url":"https://jx.xmflv.com/?url=",
"ext":{"flag":["qq",
"腾讯",
"qiyi",
"爱奇艺",
"奇艺",
"youku",
"优酷",
"mgtv",
"芒果",
"imgo",
"letv",
"乐视",
"pptv",
"PPTV",
"sohu",
"bi123ili",
"哔哩哔哩",
"哔哩"],
"header":{"User-Agent":"okhttp/4.1.0"}}}],
"doh":[{"name":"Google",
"url":"https://dns.google/dns-query",
"ips":["8.8.4.4",
"8.8.8.8"]},
{"name":"Cloudflare",
"url":"https://cloudflare-dns.com/dns-query",
"ips":["1.1.1.1",
"1.0.0.1",
"2606:4700:4700::1111",
"2606:4700:4700::1001"]},
{"name":"AdGuard",
"url":"https://dns.adguard.com/dns-query",
"ips":["94.140.14.140",
"94.140.14.141"]},
{"name":"DNSWatch",
"url":"https://resolver2.dns.watch/dns-query",
"ips":["84.200.69.80",
"84.200.70.40"]},
{"name":"Quad9",
"url":"https://dns.quad9.net/dns-quer",
"ips":["9.9.9.9",
"149.112.112.112"]}],
"rules":[{"name":"hwk",
"hosts":["haiwaikan"],
"regex":["10.0099",
"10.3333",
"16.0599",
"8.1748",
"12.33",
"10.85"]},
{"name":"yqk",
"hosts":["yqk88"],
"regex":["18.4",
"15.1666"]},
{"name":"sn",
"hosts":["suonizy"],
"regex":["#EXTINF.*?\\s+.*?original.*?\\.ts\\s+",
"15.1666",
"15.2666",
"16.3333",
"15.266667"]},
{"name":"bf",
"hosts":["bfzy"],
"regex":["#EXT-X-DISCONTINUITY\\r*\\n*#EXTINF:3,
[\\s\\S]*?#EXT-X-DISCONTINUITY"]},
{"name":"xx",
"hosts":["aws.ulivetv.net"],
"regex":["#EXT-X-DISCONTINUITY\\r*\\n*#EXTINF:8,
[\\s\\S]*?#EXT-X-DISCONTINUITY"]},
{"name":"lz",
"hosts":["lz"],
"regex":["18.5333",
"19.52"]},
{"name":"ff",
"hosts":["vip.ffzy",
"hd.ffzy",
"ffzy"],
"regex":["25.0666",
"25.08",
"20.52",
"25.1",
"25.1999"]},
{"name":"hs",
"hosts":["huoshan.com"],
"regex":["item_id="]},
{"name":"dy",
"hosts":["douyin.com"],
"regex":["is_play_url="]},
{"name":"nm",
"hosts":["toutiaovod.com"],
"regex":["video/tos/cn"]},
{"name":"cl",
"hosts":["magnet"],
"regex":["最 新",
"直 播",
"更 新"]}],
"lives":[{"name":"👑青龙",
"type":0,
"url":"./666.txt",
"playerType":1,
"ua":"okhttp/3.15",
"epg":"https://diyp10.112114.xyz/",
"logo":"https://epg.112114.xyz/logo/{name}.png"}
]}